,idx,x_coord,y_coord
0,1,299.0,473.0
1,2,299.0,470.0
2,3,299.0,466.0
3,4,300.0,466.0
4,5,301.0,466.0
5,6,303.0,466.0
6,7,305.0,466.0
7,8,310.0,464.0
8,9,314.0,463.0
9,10,316.0,463.0
10,11,318.0,463.0
11,12,315.0,466.0
12,13,312.0,468.0
13,14,314.0,466.0
14,15,316.0,465.0
15,16,317.0,466.0
16,17,318.0,468.0
17,18,319.0,468.0
18,19,320.0,468.0
19,20,320.0,468.0
20,21,320.0,468.0
21,22,322.0,467.0
22,23,324.0,466.0
23,24,324.0,466.0
24,25,324.0,466.0
25,26,324.0,466.0
26,27,324.0,466.0
27,28,326.0,466.0
28,29,328.0,466.0
29,30,330.0,466.0
30,31,333.0,466.0
31,32,333.0,466.0
32,33,333.0,466.0
33,34,333.0,466.0
34,35,333.0,466.0
35,36,333.0,466.0
36,37,333.0,466.0
37,38,330.0,468.0
38,39,328.0,471.0
39,40,328.0,471.0
40,41,328.0,471.0
41,42,328.0,470.0
42,43,328.0,470.0
43,44,328.0,470.0
44,45,328.0,470.0
45,46,328.0,470.0
46,47,328.0,470.0
47,48,328.0,470.0
48,49,328.0,470.0
49,50,328.0,470.0
50,51,328.0,470.0
51,52,328.0,469.0
52,53,328.0,468.0
53,54,328.0,468.0
54,55,328.0,468.0
55,56,328.0,468.0
56,57,328.0,468.0
57,58,328.0,468.0
58,59,328.0,468.0
59,60,328.0,468.0
60,61,328.0,468.0
61,62,328.0,468.0
62,63,328.0,468.0
63,64,328.0,468.0
64,65,328.0,468.0
65,66,328.0,468.0
66,67,328.0,468.0
67,68,328.0,468.0
68,69,328.0,468.0
69,70,328.0,468.0
70,71,328.0,468.0
71,72,328.0,467.0
72,73,328.0,466.0
73,74,328.0,466.0
74,75,328.0,466.0
75,76,328.0,466.0
76,77,328.0,466.0
77,78,328.0,466.0
78,79,328.0,466.0
79,80,328.0,466.0
80,81,328.0,466.0
81,82,328.0,466.0
82,83,328.0,466.0
83,84,334.0,466.0
84,85,339.0,466.0
85,86,339.0,466.0
86,87,339.0,466.0
87,88,339.0,466.0
88,89,339.0,466.0
89,90,340.0,466.0
90,91,341.0,466.0
91,92,342.0,467.0
92,93,343.0,468.0
93,94,350.0,468.0
94,95,358.0,468.0
95,96,356.0,468.0
96,97,354.0,468.0
97,98,354.0,468.0
98,99,354.0,468.0
99,100,354.0,468.0
100,101,354.0,468.0
101,102,355.0,468.0
102,103,356.0,468.0
103,104,357.0,468.0
104,105,358.0,468.0
105,106,358.0,468.0
106,107,358.0,468.0
107,108,358.0,468.0
108,109,358.0,468.0
109,110,358.0,468.0
110,111,358.0,468.0
111,112,358.0,468.0
112,113,358.0,468.0
113,114,358.0,468.0
114,115,358.0,468.0
115,116,358.0,468.0
116,117,358.0,468.0
117,118,358.0,468.0
118,119,358.0,468.0
119,120,358.0,468.0
120,121,358.0,468.0
121,122,358.0,468.0
122,123,358.0,468.0
123,124,358.0,468.0
124,125,358.0,468.0
125,126,358.0,468.0
126,127,358.0,468.0
127,128,358.0,468.0
128,129,358.0,468.0
129,130,358.0,468.0
130,131,358.0,468.0
131,132,358.0,468.0
132,133,358.0,468.0
133,134,358.0,468.0
134,135,358.0,468.0
135,136,358.0,468.0
136,137,358.0,468.0
137,138,358.0,468.0
138,139,358.0,468.0
139,140,358.0,468.0
140,141,358.0,468.0
141,142,359.0,468.0
142,143,360.0,468.0
143,144,363.0,464.0
144,145,366.0,461.0
145,146,368.0,458.0
146,147,371.0,456.0
147,148,372.0,455.0
148,149,373.0,454.0
149,150,376.0,452.0
150,151,379.0,449.0
151,152,381.0,446.0
152,153,383.0,444.0
153,154,383.0,440.0
154,155,383.0,437.0
155,156,379.0,434.0
156,157,375.0,432.0
157,158,373.0,430.0
158,159,371.0,429.0
159,160,370.0,426.0
160,161,368.0,422.0
161,162,368.0,414.0
162,163,368.0,405.0
163,164,368.0,402.0
164,165,368.0,398.0
165,166,367.0,394.0
166,167,366.0,391.0
167,168,365.0,382.0
168,169,364.0,374.0
169,170,364.0,366.0
170,171,364.0,357.0
171,172,364.0,354.0
172,173,364.0,352.0
173,174,365.0,350.0
174,175,366.0,347.0
175,176,367.0,346.0
176,177,368.0,345.0
177,178,370.0,344.0
178,179,373.0,343.0
179,180,375.0,342.0
180,181,377.0,342.0
181,182,380.0,341.0
182,183,383.0,340.0
183,184,385.0,340.0
184,185,387.0,340.0
185,186,387.0,340.0
186,187,387.0,340.0
187,188,387.0,340.0
188,189,387.0,340.0
189,190,385.0,338.0
190,191,383.0,335.0
191,192,383.0,335.0
192,193,383.0,335.0
193,194,383.0,335.0
194,195,383.0,335.0
195,196,383.0,335.0
196,197,383.0,335.0
197,198,383.0,335.0
198,199,383.0,335.0
199,200,383.0,335.0
200,201,383.0,335.0
201,202,383.0,335.0
202,203,383.0,335.0
203,204,383.0,335.0
204,205,383.0,335.0
205,206,383.0,335.0
206,207,383.0,335.0
207,208,383.0,334.0
208,209,383.0,333.0
209,210,388.0,335.0
210,211,394.0,337.0
211,212,399.0,332.0
212,213,404.0,328.0
213,214,403.0,326.0
214,215,402.0,325.0
215,216,400.0,326.0
216,217,398.0,328.0
217,218,401.0,328.0
218,219,404.0,328.0
219,220,404.0,328.0
220,221,404.0,328.0
221,222,404.0,328.0
222,223,404.0,328.0
223,224,404.0,326.0
224,225,404.0,325.0
225,226,404.0,324.0
226,227,404.0,323.0
227,228,404.0,323.0
228,229,404.0,323.0
229,230,404.0,323.0
230,231,404.0,323.0
231,232,404.0,323.0
232,233,404.0,323.0
233,234,404.0,323.0
234,235,404.0,323.0
235,236,404.0,323.0
236,237,404.0,323.0
237,238,398.0,321.0
238,239,392.0,319.0
239,240,388.0,318.0
240,241,385.0,318.0
241,242,380.0,317.0
242,243,375.0,316.0
243,244,375.0,318.0
244,245,375.0,319.0
245,246,374.0,319.0
246,247,373.0,319.0
247,248,373.0,318.0
248,249,373.0,316.0
249,250,376.0,318.0
250,251,379.0,321.0
251,252,380.0,318.0
252,253,381.0,316.0
253,254,380.0,314.0
254,255,379.0,313.0
255,256,378.0,312.0
256,257,377.0,311.0
257,258,377.0,310.0
258,259,377.0,309.0
259,260,377.0,308.0
260,261,377.0,307.0
261,262,377.0,306.0
262,263,377.0,306.0
263,264,377.0,306.0
264,265,377.0,306.0
265,266,377.0,305.0
266,267,377.0,304.0
267,268,377.0,303.0
268,269,377.0,302.0
269,270,377.0,302.0
270,271,377.0,302.0
271,272,377.0,302.0
272,273,377.0,301.0
273,274,377.0,301.0
274,275,377.0,301.0
275,276,377.0,301.0
276,277,377.0,301.0
277,278,377.0,301.0
278,279,377.0,301.0
279,280,377.0,301.0
280,281,377.0,301.0
281,282,377.0,301.0
282,283,377.0,301.0
283,284,377.0,301.0
284,285,377.0,301.0
285,286,377.0,301.0
286,287,377.0,301.0
287,288,374.0,299.0
288,289,371.0,297.0
289,290,366.0,296.0
290,291,360.0,296.0
291,292,350.0,292.0
292,293,341.0,289.0
293,294,341.0,289.0
294,295,341.0,289.0
295,296,341.0,289.0
296,297,341.0,289.0
297,298,342.0,288.0
298,299,343.0,287.0
299,300,343.0,286.0
300,301,343.0,284.0
301,302,344.0,283.0
302,303,345.0,282.0
303,304,345.0,282.0
304,305,345.0,282.0
305,306,345.0,276.0
306,307,345.0,270.0
307,308,346.0,264.0
308,309,347.0,258.0
309,310,350.0,253.0
310,311,352.0,248.0
311,312,355.0,242.0
312,313,358.0,237.0
313,314,359.0,233.0
314,315,360.0,229.0
315,316,360.0,226.0
316,317,360.0,222.0
317,318,359.0,217.0
318,319,358.0,212.0
319,320,358.0,210.0
320,321,358.0,207.0
321,322,358.0,204.0
322,323,358.0,200.0
323,324,359.0,198.0
324,325,360.0,196.0
325,326,360.0,194.0
326,327,360.0,191.0
327,328,361.0,190.0
328,329,362.0,188.0
329,330,362.0,187.0
330,331,362.0,186.0
331,332,362.0,186.0
332,333,362.0,186.0
333,334,362.0,178.0
334,335,362.0,171.0
335,336,362.0,168.0
336,337,362.0,164.0
337,338,361.0,160.0
338,339,360.0,157.0
339,340,359.0,156.0
340,341,358.0,154.0
341,342,358.0,152.0
342,343,358.0,150.0
343,344,357.0,148.0
344,345,356.0,145.0
345,346,356.0,145.0
346,347,356.0,145.0
347,348,356.0,142.0
348,349,356.0,138.0
349,350,356.0,138.0
350,351,356.0,137.0
351,352,357.0,138.0
352,353,358.0,138.0
353,354,358.0,138.0
354,355,358.0,138.0
355,356,359.0,140.0
356,357,360.0,142.0
357,358,362.0,142.0
358,359,364.0,142.0
359,360,366.0,138.0
360,361,368.0,133.0
361,362,370.0,129.0
362,363,371.0,125.0
363,364,371.0,125.0
364,365,371.0,125.0
365,366,371.0,125.0
366,367,371.0,125.0
367,368,371.0,125.0
368,369,371.0,125.0
369,370,368.0,126.0
370,371,366.0,128.0
371,372,366.0,128.0
372,373,366.0,128.0
373,374,366.0,128.0
374,375,366.0,128.0
375,376,366.0,128.0
376,377,366.0,128.0
377,378,365.0,127.0
378,379,364.0,126.0
379,380,361.0,124.0
380,381,358.0,123.0
381,382,358.0,122.0
382,383,358.0,121.0
383,384,357.0,120.0
384,385,356.0,118.0
385,386,355.0,117.0
386,387,354.0,116.0
387,388,352.0,115.0
388,389,349.0,114.0
389,390,349.0,114.0
390,391,349.0,113.0
391,392,349.0,113.0
392,393,349.0,113.0
393,394,346.0,113.0
394,395,343.0,113.0
395,396,343.0,113.0
396,397,343.0,113.0
397,398,343.0,113.0
398,399,343.0,113.0
399,400,344.0,113.0
400,401,345.0,113.0
401,402,345.0,113.0
402,403,345.0,113.0
403,404,346.0,112.0
404,405,347.0,111.0
405,406,347.0,110.0
406,407,347.0,109.0
407,408,347.0,108.0
408,409,347.0,108.0
409,410,347.0,108.0
410,411,347.0,108.0
411,412,347.0,108.0
412,413,347.0,108.0
413,414,350.0,106.0
414,415,354.0,104.0
415,416,352.0,104.0
416,417,349.0,104.0
417,418,349.0,105.0
418,419,349.0,106.0
419,420,349.0,106.0
420,421,349.0,106.0
421,422,349.0,106.0
422,423,349.0,106.0
423,424,349.0,106.0
424,425,349.0,106.0
425,426,349.0,106.0
426,427,349.0,106.0
427,428,349.0,106.0
428,429,349.0,106.0
429,430,349.0,106.0
430,431,349.0,106.0
431,432,349.0,106.0
432,433,349.0,106.0
433,434,349.0,106.0
434,435,349.0,106.0
435,436,349.0,102.0
436,437,349.0,99.0
437,438,349.0,99.0
438,439,349.0,99.0
439,440,352.0,98.0
440,441,354.0,97.0
441,442,355.0,96.0
442,443,356.0,96.0
443,444,359.0,96.0
444,445,362.0,96.0
445,446,364.0,96.0
446,447,366.0,96.0
447,448,367.0,96.0
448,449,368.0,96.0
449,450,368.0,96.0
450,451,368.0,96.0
451,452,370.0,94.0
452,453,371.0,92.0
453,454,372.0,92.0
454,455,373.0,91.0
455,456,372.0,92.0
456,457,371.0,94.0
457,458,370.0,96.0
458,459,368.0,97.0
459,460,368.0,97.0
460,461,368.0,97.0
461,462,368.0,97.0
462,463,368.0,97.0
463,464,366.0,97.0
464,465,364.0,97.0
465,466,360.0,98.0
466,467,356.0,99.0
467,468,352.0,100.0
468,469,347.0,101.0
469,470,347.0,100.0
470,471,347.0,99.0
471,472,347.0,100.0
472,473,347.0,101.0
473,474,342.0,99.0
474,475,337.0,97.0
475,476,334.0,94.0
476,477,331.0,91.0
477,478,330.0,96.0
478,479,328.0,101.0
479,480,328.0,101.0
480,481,328.0,101.0
481,482,328.0,101.0
482,483,328.0,101.0
483,484,328.0,101.0
484,485,328.0,101.0
485,486,323.0,105.0
486,487,318.0,109.0
487,488,318.0,109.0
488,489,318.0,109.0
489,490,316.0,105.0
490,491,314.0,101.0
491,492,314.0,104.0
492,493,314.0,106.0
493,494,316.0,108.0
494,495,318.0,109.0
495,496,318.0,109.0
496,497,318.0,109.0
497,498,318.0,109.0
498,499,318.0,109.0
499,500,318.0,111.0
500,501,318.0,113.0
501,502,318.0,114.0
502,503,318.0,116.0
503,504,318.0,116.0
504,505,318.0,116.0
505,506,318.0,115.0
506,507,318.0,114.0
507,508,314.0,115.0
508,509,309.0,116.0
509,510,309.0,116.0
510,511,309.0,116.0
511,512,307.0,118.0
512,513,305.0,120.0
513,514,305.0,120.0
514,515,305.0,120.0
515,516,300.0,123.0
516,517,295.0,126.0
517,518,294.0,126.0
518,519,293.0,125.0
519,520,293.0,125.0
520,521,293.0,125.0
521,522,293.0,125.0
522,523,293.0,125.0
523,524,293.0,125.0
524,525,293.0,125.0
525,526,293.0,125.0
526,527,293.0,125.0
527,528,293.0,126.0
528,529,293.0,126.0
529,530,293.0,129.0
530,531,293.0,132.0
531,532,293.0,134.0
532,533,293.0,137.0
533,534,293.0,138.0
534,535,293.0,140.0
535,536,293.0,142.0
536,537,293.0,145.0
537,538,296.0,144.0
538,539,299.0,143.0
539,540,299.0,142.0
540,541,299.0,142.0
541,542,301.0,142.0
542,543,303.0,142.0
543,544,303.0,142.0
544,545,303.0,142.0
545,546,306.0,141.0
546,547,309.0,140.0
547,548,306.0,141.0
548,549,303.0,142.0
549,550,303.0,142.0
550,551,303.0,142.0
551,552,303.0,142.0
552,553,303.0,142.0
553,554,303.0,144.0
554,555,303.0,147.0
555,556,303.0,150.0
556,557,303.0,152.0
557,558,302.0,156.0
558,559,301.0,161.0
559,560,301.0,162.0
560,561,301.0,162.0
561,562,299.0,160.0
562,563,297.0,159.0
563,564,296.0,162.0
564,565,295.0,166.0
565,566,295.0,162.0
566,567,295.0,157.0
567,568,294.0,157.0
568,569,293.0,157.0
569,570,293.0,154.0
570,571,293.0,152.0
571,572,290.0,154.0
572,573,288.0,157.0
573,574,288.0,157.0
574,575,288.0,157.0
575,576,288.0,162.0
576,577,288.0,167.0
577,578,290.0,166.0
578,579,291.0,166.0
579,580,293.0,164.0
580,581,295.0,161.0
581,582,297.0,160.0
582,583,299.0,159.0
583,584,301.0,160.0
584,585,303.0,162.0
585,586,302.0,160.0
586,587,301.0,157.0
587,588,303.0,154.0
588,589,305.0,150.0
589,590,303.0,151.0
590,591,301.0,152.0
591,592,300.0,156.0
592,593,299.0,159.0
593,594,299.0,164.0
594,595,299.0,169.0
595,596,298.0,166.0
596,597,297.0,164.0
597,598,297.0,166.0
598,599,297.0,167.0
599,600,296.0,170.0
600,601,295.0,173.0
601,602,294.0,174.0
602,603,293.0,174.0
603,604,293.0,176.0
604,605,293.0,179.0
605,606,293.0,178.0
606,607,293.0,178.0
607,608,292.0,176.0
608,609,291.0,174.0
609,610,290.0,170.0
610,611,288.0,167.0
611,612,286.0,167.0
612,613,284.0,167.0
613,614,284.0,169.0
614,615,284.0,171.0
615,616,285.0,171.0
616,617,286.0,171.0
617,618,286.0,172.0
618,619,286.0,174.0
619,620,286.0,174.0
620,621,286.0,174.0
621,622,286.0,174.0
622,623,286.0,174.0
623,624,286.0,174.0
624,625,286.0,174.0
625,626,286.0,174.0
626,627,286.0,174.0
627,628,285.0,176.0
628,629,284.0,178.0
629,630,283.0,172.0
630,631,282.0,166.0
631,632,281.0,168.0
632,633,280.0,169.0
633,634,280.0,169.0
634,635,280.0,169.0
635,636,280.0,169.0
636,637,280.0,169.0
637,638,280.0,169.0
638,639,280.0,169.0
639,640,278.0,172.0
640,641,276.0,174.0
641,642,278.0,176.0
642,643,280.0,178.0
643,644,284.0,177.0
644,645,288.0,176.0
645,646,288.0,176.0
646,647,288.0,176.0
647,648,288.0,176.0
648,649,288.0,176.0
649,650,288.0,176.0
650,651,288.0,176.0
651,652,292.0,174.0
652,653,295.0,173.0
653,654,300.0,172.0
654,655,305.0,171.0
655,656,308.0,166.0
656,657,312.0,161.0
657,658,312.0,161.0
658,659,312.0,161.0
659,660,313.0,159.0
660,661,314.0,157.0
661,662,315.0,156.0
662,663,316.0,155.0
663,664,319.0,154.0
664,665,322.0,154.0
665,666,328.0,153.0
666,667,333.0,152.0
667,668,336.0,152.0
668,669,339.0,152.0
669,670,341.0,152.0
670,671,343.0,152.0
671,672,348.0,150.0
672,673,352.0,149.0
673,674,356.0,150.0
674,675,360.0,150.0
675,676,360.0,150.0
676,677,360.0,150.0
677,678,360.0,150.0
678,679,360.0,150.0
679,680,360.0,150.0
680,681,360.0,150.0
681,682,360.0,150.0
682,683,360.0,150.0
683,684,362.0,148.0
684,685,364.0,147.0
685,686,368.0,147.0
686,687,371.0,147.0
687,688,375.0,144.0
688,689,379.0,142.0
689,690,382.0,142.0
690,691,385.0,142.0
691,692,385.0,142.0
692,693,385.0,142.0
693,694,386.0,142.0
694,695,387.0,142.0
695,696,392.0,144.0
696,697,396.0,147.0
697,698,396.0,147.0
698,699,396.0,147.0
699,700,396.0,147.0
700,701,396.0,147.0
701,702,396.0,147.0
702,703,396.0,147.0
703,704,396.0,147.0
704,705,396.0,147.0
705,706,396.0,147.0
706,707,396.0,147.0
707,708,396.0,144.0
708,709,396.0,140.0
709,710,396.0,139.0
710,711,396.0,138.0
711,712,396.0,138.0
712,713,396.0,138.0
713,714,396.0,138.0
714,715,396.0,138.0
715,716,395.0,142.0
716,717,394.0,145.0
717,718,394.0,145.0
718,719,394.0,145.0
719,720,390.0,145.0
720,721,385.0,145.0
721,722,378.0,146.0
722,723,371.0,147.0
723,724,366.0,148.0
724,725,362.0,149.0
725,726,361.0,149.0
726,727,360.0,149.0
727,728,360.0,148.0
728,729,360.0,147.0
729,730,354.0,147.0
730,731,347.0,147.0
731,732,347.0,146.0
732,733,347.0,145.0
733,734,347.0,145.0
734,735,347.0,145.0
735,736,342.0,147.0
736,737,337.0,149.0
737,738,332.0,150.0
738,739,326.0,152.0
739,740,323.0,152.0
740,741,320.0,152.0
741,742,319.0,151.0
742,743,318.0,150.0
743,744,315.0,150.0
744,745,312.0,150.0
745,746,304.0,150.0
746,747,295.0,149.0
747,748,295.0,149.0
748,749,295.0,149.0
749,750,295.0,149.0
750,751,295.0,149.0
751,752,295.0,149.0
752,753,295.0,149.0
753,754,295.0,149.0
754,755,295.0,149.0
755,756,295.0,149.0
756,757,295.0,149.0
757,758,288.0,150.0
758,759,280.0,150.0
759,760,282.0,148.0
760,761,284.0,147.0
761,762,281.0,147.0
762,763,278.0,147.0
763,764,274.0,148.0
764,765,269.0,149.0
765,766,269.0,146.0
766,767,269.0,142.0
767,768,269.0,141.0
768,769,269.0,140.0
769,770,268.0,141.0
770,771,267.0,142.0
771,772,261.0,142.0
772,773,255.0,142.0
773,774,255.0,142.0
774,775,255.0,142.0
775,776,250.0,142.0
776,777,244.0,143.0
777,778,245.0,144.0
778,779,246.0,145.0
779,780,247.0,145.0
780,781,248.0,145.0
781,782,243.0,145.0
782,783,238.0,145.0
783,784,238.0,144.0
784,785,238.0,143.0
785,786,232.0,143.0
786,787,227.0,143.0
787,788,225.0,142.0
788,789,223.0,140.0
789,790,222.0,139.0
790,791,221.0,138.0
791,792,212.0,139.0
792,793,204.0,140.0
793,794,204.0,140.0
794,795,204.0,140.0
795,796,204.0,140.0
796,797,204.0,140.0
797,798,208.0,140.0
798,799,213.0,140.0
799,800,210.0,141.0
800,801,208.0,142.0
801,802,208.0,142.0
802,803,208.0,142.0
803,804,208.0,142.0
804,805,208.0,142.0
805,806,208.0,142.0
806,807,208.0,142.0
807,808,208.0,138.0
808,809,208.0,135.0
809,810,208.0,134.0
810,811,208.0,133.0
811,812,210.0,132.0
812,813,213.0,130.0
813,814,213.0,130.0
814,815,213.0,130.0
815,816,213.0,130.0
816,817,213.0,130.0
817,818,213.0,130.0
818,819,213.0,130.0
819,820,218.0,132.0
820,821,223.0,133.0
821,822,223.0,133.0
822,823,223.0,133.0
823,824,223.0,133.0
824,825,223.0,133.0
825,826,223.0,133.0
826,827,223.0,133.0
827,828,220.0,130.0
828,829,217.0,126.0
829,830,217.0,126.0
830,831,217.0,125.0
831,832,219.0,124.0
832,833,221.0,123.0
833,834,223.0,122.0
834,835,225.0,120.0
835,836,225.0,120.0
836,837,225.0,120.0
837,838,226.0,119.0
838,839,227.0,118.0
839,840,232.0,118.0
840,841,236.0,118.0
841,842,236.0,118.0
842,843,236.0,118.0
843,844,240.0,118.0
844,845,244.0,118.0
845,846,246.0,118.0
846,847,248.0,118.0
847,848,252.0,117.0
848,849,255.0,116.0
849,850,255.0,115.0
850,851,255.0,114.0
851,852,268.0,112.0
852,853,282.0,111.0
853,854,292.0,110.0
854,855,303.0,109.0
855,856,308.0,109.0
856,857,314.0,109.0
857,858,315.0,109.0
858,859,316.0,109.0
859,860,318.0,109.0
860,861,320.0,109.0
861,862,330.0,109.0
862,863,339.0,109.0
863,864,342.0,109.0
864,865,345.0,109.0
865,866,345.0,109.0
866,867,345.0,109.0
867,868,346.0,109.0
868,869,347.0,109.0
869,870,350.0,109.0
870,871,354.0,109.0
871,872,355.0,111.0
872,873,356.0,113.0
873,874,358.0,114.0
874,875,360.0,116.0
875,876,361.0,116.0
876,877,362.0,116.0
877,878,366.0,116.0
878,879,371.0,116.0
879,880,374.0,116.0
880,881,377.0,116.0
881,882,378.0,116.0
882,883,379.0,116.0
883,884,380.0,116.0
884,885,381.0,116.0
885,886,381.0,116.0
886,887,381.0,116.0
887,888,381.0,115.0
888,889,381.0,114.0
889,890,379.0,114.0
890,891,377.0,114.0
891,892,377.0,114.0
892,893,377.0,114.0
893,894,378.0,114.0
894,895,379.0,114.0
895,896,386.0,118.0
896,897,392.0,121.0
897,898,392.0,121.0
898,899,392.0,121.0
899,900,392.0,121.0
900,901,392.0,121.0
901,902,392.0,121.0
902,903,392.0,121.0
903,904,392.0,121.0
904,905,392.0,121.0
905,906,392.0,121.0
906,907,392.0,121.0
907,908,392.0,120.0
908,909,392.0,120.0
909,910,392.0,120.0
910,911,392.0,120.0
911,912,390.0,122.0
912,913,389.0,123.0
913,914,389.0,123.0
914,915,389.0,123.0
915,916,389.0,123.0
916,917,389.0,123.0
917,918,387.0,126.0
918,919,385.0,130.0
919,920,385.0,132.0
920,921,385.0,133.0
921,922,385.0,134.0
922,923,385.0,135.0
923,924,385.0,135.0
924,925,385.0,135.0
925,926,385.0,135.0
926,927,385.0,135.0
927,928,387.0,136.0
928,929,389.0,138.0
929,930,392.0,138.0
930,931,396.0,138.0
931,932,397.0,140.0
932,933,398.0,143.0
933,934,398.0,146.0
934,935,398.0,149.0
935,936,403.0,149.0
936,937,408.0,149.0
937,938,412.0,149.0
938,939,417.0,149.0
939,940,415.0,150.0
940,941,413.0,150.0
941,942,414.0,151.0
942,943,415.0,152.0
943,944,416.0,154.0
944,945,417.0,155.0
945,946,418.0,158.0
946,947,419.0,161.0
947,948,419.0,162.0
948,949,419.0,162.0
949,950,419.0,166.0
950,951,419.0,171.0
951,952,418.0,175.0
952,953,417.0,179.0
953,954,417.0,180.0
954,955,417.0,181.0
955,956,417.0,181.0
956,957,417.0,181.0
957,958,418.0,188.0
958,959,419.0,195.0
959,960,422.0,198.0
960,961,425.0,200.0
961,962,426.0,204.0
962,963,427.0,208.0
963,964,428.0,205.0
964,965,429.0,202.0
965,966,430.0,204.0
966,967,432.0,205.0
967,968,426.0,206.0
968,969,421.0,208.0
969,970,419.0,211.0
970,971,417.0,214.0
971,972,410.0,214.0
972,973,404.0,215.0
973,974,404.0,215.0
974,975,404.0,215.0
975,976,405.0,216.0
976,977,406.0,217.0
977,978,408.0,217.0
978,979,411.0,217.0
979,980,406.0,217.0
980,981,400.0,217.0
981,982,398.0,218.0
982,983,396.0,220.0
983,984,394.0,222.0
984,985,392.0,225.0
985,986,392.0,225.0
986,987,392.0,225.0
987,988,384.0,227.0
988,989,377.0,229.0
989,990,378.0,232.0
990,991,379.0,234.0
991,992,384.0,236.0
992,993,389.0,239.0
993,994,390.0,236.0
994,995,392.0,232.0
995,996,392.0,232.0
996,997,392.0,231.0
997,998,390.0,234.0
998,999,387.0,236.0
999,1000,385.0,238.0
1000,1001,383.0,239.0
1001,1002,382.0,240.0
1002,1003,381.0,241.0
1003,1004,380.0,240.0
1004,1005,379.0,239.0
1005,1006,379.0,236.0
1006,1007,379.0,232.0
1007,1008,382.0,238.0
1008,1009,385.0,244.0
1009,1010,390.0,246.0
1010,1011,394.0,249.0
1011,1012,397.0,256.0
1012,1013,400.0,263.0
1013,1014,406.0,269.0
1014,1015,413.0,275.0
1015,1016,417.0,275.0
1016,1017,421.0,275.0
1017,1018,420.0,275.0
1018,1019,419.0,275.0
1019,1020,422.0,280.0
1020,1021,425.0,284.0
1021,1022,426.0,286.0
1022,1023,427.0,289.0
1023,1024,427.0,292.0
1024,1025,427.0,296.0
1025,1026,420.0,295.0
1026,1027,413.0,294.0
1027,1028,413.0,293.0
1028,1029,413.0,292.0
1029,1030,413.0,292.0
1030,1031,413.0,292.0
1031,1032,413.0,292.0
1032,1033,413.0,292.0
1033,1034,413.0,292.0
1034,1035,413.0,292.0
1035,1036,404.0,296.0
1036,1037,396.0,299.0
1037,1038,390.0,306.0
1038,1039,383.0,313.0
1039,1040,379.0,318.0
1040,1041,375.0,323.0
1041,1042,372.0,322.0
1042,1043,368.0,321.0
1043,1044,368.0,322.0
1044,1045,368.0,323.0
1045,1046,374.0,320.0
1046,1047,379.0,318.0
1047,1048,379.0,318.0
1048,1049,379.0,319.0
1049,1050,379.0,319.0
1050,1051,379.0,319.0
1051,1052,376.0,318.0
1052,1053,373.0,318.0
1053,1054,373.0,317.0
1054,1055,373.0,316.0
1055,1056,374.0,318.0
1056,1057,375.0,321.0
1057,1058,379.0,327.0
1058,1059,383.0,333.0
1059,1060,385.0,334.0
1060,1061,387.0,335.0
1061,1062,388.0,334.0
1062,1063,389.0,333.0
1063,1064,392.0,332.0
1064,1065,394.0,331.0
1065,1066,394.0,334.0
1066,1067,394.0,337.0
1067,1068,394.0,337.0
1068,1069,394.0,337.0
1069,1070,394.0,337.0
1070,1071,394.0,337.0
1071,1072,398.0,332.0
1072,1073,402.0,328.0
1073,1074,401.0,328.0
1074,1075,400.0,328.0
1075,1076,400.0,328.0
1076,1077,400.0,328.0
1077,1078,400.0,328.0
1078,1079,400.0,328.0
1079,1080,392.0,328.0
1080,1081,383.0,328.0
1081,1082,388.0,330.0
1082,1083,394.0,331.0
1083,1084,394.0,331.0
1084,1085,394.0,331.0
1085,1086,395.0,333.0
1086,1087,396.0,335.0
1087,1088,394.0,336.0
1088,1089,392.0,338.0
1089,1090,392.0,340.0
1090,1091,392.0,343.0
1091,1092,392.0,343.0
1092,1093,392.0,343.0
1093,1094,392.0,344.0
1094,1095,392.0,345.0
1095,1096,390.0,350.0
1096,1097,389.0,354.0
1097,1098,389.0,354.0
1098,1099,389.0,354.0
1099,1100,389.0,354.0
1100,1101,389.0,354.0
1101,1102,389.0,353.0
1102,1103,389.0,352.0
1103,1104,387.0,354.0
1104,1105,385.0,355.0
1105,1106,384.0,356.0
1106,1107,383.0,357.0
1107,1108,383.0,357.0
1108,1109,383.0,357.0
1109,1110,383.0,357.0
1110,1111,383.0,357.0
1111,1112,383.0,357.0
1112,1113,383.0,357.0
1113,1114,380.0,356.0
1114,1115,377.0,355.0
1115,1116,377.0,355.0
1116,1117,377.0,355.0
1117,1118,377.0,355.0
1118,1119,377.0,355.0
1119,1120,377.0,355.0
1120,1121,377.0,355.0
1121,1122,377.0,355.0
1122,1123,377.0,355.0
1123,1124,380.0,355.0
1124,1125,383.0,355.0
1125,1126,385.0,356.0
1126,1127,387.0,357.0
1127,1128,392.0,358.0
1128,1129,398.0,360.0
1129,1130,397.0,360.0
1130,1131,396.0,360.0
1131,1132,390.0,360.0
1132,1133,385.0,360.0
1133,1134,385.0,360.0
1134,1135,385.0,360.0
1135,1136,387.0,361.0
1136,1137,389.0,362.0
1137,1138,390.0,378.0
1138,1139,392.0,393.0
1139,1140,395.0,409.0
1140,1141,398.0,425.0
1141,1142,402.0,433.0
1142,1143,406.0,441.0
1143,1144,407.0,444.0
1144,1145,408.0,448.0
1145,1146,410.0,460.0
1146,1147,411.0,473.0
1147,1148,406.0,473.0
1148,1149,402.0,473.0
1149,1150,404.0,473.0
1150,1151,406.0,473.0
1151,1152,407.0,473.0
1152,1153,408.0,473.0
1153,1154,408.0,473.0
1154,1155,408.0,473.0
1155,1156,408.0,473.0
1156,1157,408.0,472.0
1157,1158,407.0,472.0
1158,1159,407.0,472.0
1159,1160,407.0,472.0
1160,1161,407.0,472.0
1161,1162,407.0,472.0
1162,1163,407.0,472.0
1163,1164,407.0,472.0
1164,1165,407.0,471.0
1165,1166,407.0,471.0
1166,1167,406.0,471.0
1167,1168,406.0,471.0
1168,1169,406.0,471.0
1169,1170,406.0,471.0
1170,1171,406.0,471.0
1171,1172,406.0,471.0
1172,1173,406.0,470.0
1173,1174,406.0,470.0
1174,1175,406.0,470.0
1175,1176,405.0,470.0
1176,1177,405.0,470.0
1177,1178,405.0,470.0
1178,1179,405.0,470.0
1179,1180,405.0,469.0
1180,1181,405.0,469.0
1181,1182,405.0,469.0
1182,1183,405.0,469.0
1183,1184,405.0,469.0
1184,1185,404.0,469.0
1185,1186,404.0,469.0
1186,1187,404.0,469.0
1187,1188,404.0,468.0
1188,1189,404.0,468.0
1189,1190,404.0,468.0
1190,1191,404.0,468.0
1191,1192,404.0,468.0
1192,1193,404.0,468.0
1193,1194,404.0,468.0
1194,1195,403.0,468.0
1195,1196,403.0,467.0
1196,1197,403.0,467.0
1197,1198,403.0,467.0
1198,1199,403.0,467.0
1199,1200,403.0,467.0
1200,1201,403.0,467.0
1201,1202,403.0,467.0
1202,1203,403.0,466.0
1203,1204,402.0,466.0
1204,1205,402.0,466.0
1205,1206,402.0,466.0
1206,1207,402.0,466.0
1207,1208,402.0,466.0
1208,1209,402.0,466.0
1209,1210,402.0,466.0
1210,1211,402.0,465.0
1211,1212,402.0,465.0
1212,1213,401.0,465.0
1213,1214,401.0,465.0
1214,1215,401.0,465.0
1215,1216,401.0,465.0
1216,1217,401.0,465.0
1217,1218,401.0,465.0
1218,1219,401.0,464.0
1219,1220,401.0,464.0
1220,1221,401.0,464.0
1221,1222,400.0,464.0
1222,1223,400.0,464.0
1223,1224,400.0,464.0
1224,1225,400.0,464.0
1225,1226,400.0,464.0
1226,1227,400.0,463.0
1227,1228,400.0,463.0
1228,1229,400.0,463.0
1229,1230,400.0,463.0
1230,1231,399.0,463.0
1231,1232,399.0,463.0
1232,1233,399.0,463.0
1233,1234,399.0,462.0
1234,1235,399.0,462.0
1235,1236,399.0,462.0
1236,1237,399.0,462.0
1237,1238,399.0,462.0
1238,1239,399.0,462.0
1239,1240,398.0,462.0
1240,1241,398.0,462.0
1241,1242,398.0,461.0
1242,1243,398.0,461.0
1243,1244,398.0,461.0
1244,1245,398.0,461.0
1245,1246,398.0,461.0
1246,1247,398.0,461.0
1247,1248,398.0,461.0
1248,1249,397.0,461.0
1249,1250,397.0,460.0
1250,1251,397.0,460.0
1251,1252,397.0,460.0
1252,1253,397.0,460.0
1253,1254,397.0,460.0
1254,1255,397.0,460.0
1255,1256,397.0,460.0
1256,1257,397.0,459.0
1257,1258,396.0,459.0
1258,1259,396.0,459.0
1259,1260,396.0,459.0
1260,1261,396.0,459.0
1261,1262,396.0,459.0
1262,1263,396.0,459.0
1263,1264,396.0,459.0
1264,1265,396.0,458.0
1265,1266,396.0,458.0
1266,1267,396.0,458.0
1267,1268,395.0,458.0
1268,1269,395.0,458.0
1269,1270,395.0,458.0
1270,1271,395.0,458.0
1271,1272,395.0,458.0
1272,1273,395.0,457.0
1273,1274,395.0,457.0
1274,1275,395.0,457.0
1275,1276,395.0,457.0
1276,1277,394.0,457.0
1277,1278,394.0,457.0
1278,1279,394.0,457.0
1279,1280,394.0,456.0
1280,1281,394.0,456.0
1281,1282,394.0,456.0
1282,1283,394.0,456.0
1283,1284,394.0,456.0
1284,1285,394.0,456.0
1285,1286,393.0,456.0
1286,1287,393.0,456.0
1287,1288,393.0,455.0
1288,1289,393.0,455.0
1289,1290,393.0,455.0
1290,1291,393.0,455.0
1291,1292,393.0,455.0
1292,1293,393.0,455.0
1293,1294,393.0,455.0
1294,1295,392.0,455.0
1295,1296,392.0,454.0
1296,1297,392.0,454.0
1297,1298,392.0,454.0
1298,1299,392.0,454.0
1299,1300,392.0,454.0
1300,1301,392.0,454.0
1301,1302,392.0,451.0
1302,1303,392.0,448.0
1303,1304,392.0,448.0
1304,1305,392.0,448.0
1305,1306,394.0,451.0
1306,1307,396.0,454.0
1307,1308,396.0,454.0
1308,1309,396.0,454.0
1309,1310,396.0,454.0
1310,1311,396.0,454.0
1311,1312,396.0,454.0
1312,1313,396.0,454.0
1313,1314,396.0,454.0
1314,1315,396.0,453.0
1315,1316,396.0,453.0
1316,1317,396.0,453.0
1317,1318,396.0,453.0
1318,1319,396.0,453.0
1319,1320,396.0,453.0
1320,1321,396.0,453.0
1321,1322,396.0,453.0
1322,1323,396.0,453.0
1323,1324,396.0,453.0
1324,1325,396.0,453.0
1325,1326,396.0,452.0
1326,1327,396.0,452.0
1327,1328,395.0,452.0
1328,1329,395.0,452.0
1329,1330,395.0,452.0
1330,1331,395.0,452.0
1331,1332,395.0,451.0
1332,1333,395.0,451.0
1333,1334,395.0,451.0
1334,1335,395.0,451.0
1335,1336,395.0,451.0
1336,1337,394.0,451.0
1337,1338,394.0,450.0
1338,1339,394.0,450.0
1339,1340,394.0,450.0
1340,1341,394.0,450.0
1341,1342,394.0,450.0
1342,1343,394.0,450.0
1343,1344,394.0,449.0
1344,1345,394.0,449.0
1345,1346,393.0,449.0
1346,1347,393.0,449.0
1347,1348,393.0,449.0
1348,1349,393.0,449.0
1349,1350,393.0,448.0
1350,1351,393.0,448.0
1351,1352,393.0,448.0
1352,1353,393.0,448.0
1353,1354,393.0,448.0
1354,1355,392.0,448.0
1355,1356,392.0,447.0
1356,1357,392.0,447.0
1357,1358,392.0,447.0
1358,1359,392.0,447.0
1359,1360,392.0,447.0
1360,1361,392.0,446.0
1361,1362,392.0,446.0
1362,1363,392.0,446.0
1363,1364,392.0,446.0
1364,1365,391.0,446.0
1365,1366,391.0,446.0
1366,1367,391.0,445.0
1367,1368,391.0,445.0
1368,1369,391.0,445.0
1369,1370,391.0,445.0
1370,1371,391.0,445.0
1371,1372,391.0,445.0
1372,1373,391.0,444.0
1373,1374,390.0,444.0
1374,1375,390.0,444.0
1375,1376,390.0,444.0
1376,1377,390.0,444.0
1377,1378,390.0,444.0
1378,1379,390.0,443.0
1379,1380,390.0,443.0
1380,1381,390.0,443.0
1381,1382,390.0,443.0
1382,1383,389.0,443.0
1383,1384,389.0,443.0
1384,1385,389.0,442.0
1385,1386,389.0,442.0
1386,1387,389.0,442.0
1387,1388,386.0,437.0
1388,1389,383.0,432.0
1389,1390,383.0,432.0
1390,1391,383.0,432.0
1391,1392,381.0,420.0
1392,1393,379.0,407.0
1393,1394,379.0,406.0
1394,1395,379.0,405.0
1395,1396,376.0,396.0
1396,1397,373.0,388.0
1397,1398,370.0,375.0
1398,1399,368.0,362.0
1399,1400,358.0,342.0
1400,1401,349.0,323.0
1401,1402,347.0,315.0
1402,1403,345.0,307.0
1403,1404,343.0,300.0
1404,1405,341.0,292.0
1405,1406,345.0,287.0
1406,1407,349.0,282.0
1407,1408,354.0,278.0
1408,1409,358.0,275.0
1409,1410,358.0,275.0
1410,1411,358.0,275.0
1411,1412,360.0,274.0
1412,1413,362.0,273.0
1413,1414,363.0,272.0
1414,1415,364.0,272.0
1415,1416,372.0,266.0
1416,1417,381.0,261.0
1417,1418,377.0,255.0
1418,1419,373.0,249.0
1419,1420,373.0,249.0
1420,1421,373.0,249.0
1421,1422,366.0,245.0
1422,1423,360.0,241.0
1423,1424,360.0,239.0
1424,1425,360.0,237.0
1425,1426,361.0,232.0
1426,1427,362.0,227.0
1427,1428,362.0,226.0
1428,1429,362.0,225.0
1429,1430,364.0,224.0
1430,1431,366.0,222.0
1431,1432,366.0,222.0
1432,1433,366.0,222.0
1433,1434,366.0,218.0
1434,1435,366.0,215.0
1435,1436,366.0,215.0
1436,1437,366.0,215.0
1437,1438,366.0,210.0
1438,1439,366.0,205.0
1439,1440,366.0,204.0
1440,1441,366.0,202.0
1441,1442,366.0,201.0
1442,1443,366.0,200.0
1443,1444,365.0,196.0
1444,1445,364.0,193.0
1445,1446,364.0,190.0
1446,1447,364.0,186.0
1447,1448,363.0,181.0
1448,1449,362.0,176.0
1449,1450,362.0,169.0
1450,1451,362.0,162.0
1451,1452,361.0,184.0
1452,1453,360.0,205.0
1453,1454,360.0,205.0
1454,1455,360.0,205.0
1455,1456,360.0,204.0
1456,1457,360.0,203.0
1457,1458,362.0,202.0
1458,1459,364.0,200.0
1459,1460,366.0,198.0
1460,1461,368.0,195.0
1461,1462,370.0,193.0
1462,1463,371.0,191.0
1463,1464,374.0,186.0
1464,1465,377.0,181.0
1465,1466,381.0,177.0
1466,1467,385.0,173.0
1467,1468,386.0,171.0
1468,1469,387.0,169.0
1469,1470,390.0,166.0
1470,1471,392.0,162.0
1471,1472,392.0,160.0
1472,1473,392.0,159.0
1473,1474,392.0,158.0
1474,1475,392.0,157.0
1475,1476,392.0,157.0
1476,1477,392.0,157.0
1477,1478,392.0,152.0
1478,1479,392.0,147.0
1479,1480,392.0,147.0
1480,1481,392.0,147.0
1481,1482,392.0,147.0
1482,1483,392.0,147.0
1483,1484,388.0,144.0
1484,1485,385.0,142.0
1485,1486,379.0,140.0
1486,1487,373.0,138.0
1487,1488,374.0,136.0
1488,1489,375.0,135.0
1489,1490,376.0,134.0
1490,1491,377.0,133.0
1491,1492,377.0,132.0
1492,1493,377.0,132.0
1493,1494,380.0,132.0
1494,1495,383.0,132.0
1495,1496,380.0,134.0
1496,1497,377.0,135.0
1497,1498,377.0,135.0
1498,1499,377.0,135.0
1499,1500,378.0,135.0
1500,1501,379.0,135.0
1501,1502,381.0,134.0
1502,1503,383.0,133.0
1503,1504,386.0,133.0
1504,1505,389.0,133.0
1505,1506,392.0,134.0
1506,1507,396.0,135.0
1507,1508,398.0,135.0
1508,1509,400.0,135.0
1509,1510,408.0,135.0
1510,1511,415.0,135.0
1511,1512,418.0,135.0
1512,1513,421.0,135.0
1513,1514,430.0,135.0
1514,1515,438.0,135.0
1515,1516,446.0,135.0
1516,1517,453.0,135.0
1517,1518,456.0,135.0
1518,1519,459.0,135.0
1519,1520,466.0,134.0
1520,1521,474.0,133.0
1521,1522,478.0,132.0
1522,1523,482.0,132.0
1523,1524,485.0,132.0
1524,1525,488.0,132.0
1525,1526,490.0,132.0
1526,1527,493.0,132.0
1527,1528,499.0,131.0
1528,1529,505.0,130.0
1529,1530,506.0,130.0
1530,1531,507.0,130.0
1531,1532,507.0,130.0
1532,1533,507.0,130.0
1533,1534,507.0,130.0
1534,1535,507.0,130.0
1535,1536,512.0,130.0
1536,1537,518.0,130.0
1537,1538,519.0,130.0
1538,1539,520.0,130.0
1539,1540,521.0,130.0
1540,1541,522.0,130.0
1541,1542,525.0,130.0
1542,1543,528.0,130.0
1543,1544,528.0,130.0
1544,1545,528.0,130.0
1545,1546,532.0,130.0
1546,1547,537.0,130.0
1547,1548,537.0,126.0
1548,1549,537.0,121.0
1549,1550,536.0,124.0
1550,1551,535.0,126.0
1551,1552,535.0,124.0
1552,1553,535.0,123.0
1553,1554,536.0,122.0
1554,1555,537.0,121.0
1555,1556,538.0,123.0
1556,1557,539.0,125.0
1557,1558,539.0,125.0
1558,1559,539.0,125.0
1559,1560,539.0,125.0
1560,1561,539.0,125.0
1561,1562,540.0,125.0
1562,1563,541.0,125.0
1563,1564,548.0,124.0
1564,1565,554.0,123.0
1565,1566,554.0,123.0
1566,1567,554.0,123.0
1567,1568,556.0,122.0
1568,1569,558.0,121.0
1569,1570,561.0,121.0
1570,1571,564.0,121.0
1571,1572,566.0,123.0
1572,1573,568.0,125.0
1573,1574,564.0,124.0
1574,1575,560.0,123.0
1575,1576,557.0,123.0
1576,1577,554.0,123.0
1577,1578,548.0,120.0
1578,1579,543.0,118.0
1579,1580,539.0,118.0
1580,1581,535.0,118.0
1581,1582,533.0,120.0
1582,1583,531.0,121.0
1583,1584,528.0,118.0
1584,1585,524.0,116.0
1585,1586,519.0,117.0
1586,1587,514.0,118.0
1587,1588,514.0,118.0
1588,1589,514.0,118.0
1589,1590,515.0,116.0
1590,1591,516.0,114.0
1591,1592,510.0,111.0
1592,1593,505.0,108.0
1593,1594,498.0,107.0
1594,1595,491.0,106.0
1595,1596,484.0,108.0
1596,1597,478.0,111.0
1597,1598,472.0,111.0
1598,1599,465.0,111.0
1599,1600,465.0,111.0
1600,1601,465.0,111.0
1601,1602,459.0,111.0
1602,1603,453.0,111.0
1603,1604,452.0,111.0
1604,1605,451.0,111.0
1605,1606,451.0,111.0
1606,1607,451.0,111.0
1607,1608,451.0,111.0
1608,1609,451.0,111.0
1609,1610,451.0,111.0
1610,1611,451.0,111.0
1611,1612,451.0,110.0
1612,1613,451.0,108.0
1613,1614,455.0,105.0
1614,1615,459.0,102.0
1615,1616,454.0,102.0
1616,1617,448.0,102.0
1617,1618,448.0,102.0
1618,1619,448.0,102.0
1619,1620,441.0,105.0
1620,1621,434.0,108.0
1621,1622,430.0,108.0
1622,1623,425.0,108.0
1623,1624,425.0,106.0
1624,1625,425.0,104.0
1625,1626,425.0,104.0
1626,1627,425.0,104.0
1627,1628,423.0,104.0
1628,1629,421.0,104.0
1629,1630,416.0,105.0
1630,1631,411.0,106.0
1631,1632,412.0,106.0
1632,1633,413.0,106.0
1633,1634,410.0,101.0
1634,1635,408.0,96.0
1635,1636,406.0,94.0
1636,1637,404.0,91.0
1637,1638,404.0,94.0
1638,1639,404.0,96.0
1639,1640,403.0,96.0
1640,1641,402.0,97.0
1641,1642,402.0,97.0
1642,1643,402.0,97.0
1643,1644,402.0,98.0
1644,1645,402.0,99.0
1645,1646,399.0,99.0
1646,1647,396.0,99.0
1647,1648,392.0,99.0
1648,1649,389.0,99.0
1649,1650,385.0,99.0
1650,1651,381.0,99.0
1651,1652,383.0,99.0
1652,1653,385.0,99.0
1653,1654,387.0,99.0
1654,1655,389.0,99.0
1655,1656,396.0,99.0
1656,1657,402.0,99.0
1657,1658,403.0,99.0
1658,1659,404.0,99.0
1659,1660,408.0,99.0
1660,1661,411.0,99.0
1661,1662,412.0,99.0
1662,1663,413.0,99.0
1663,1664,413.0,99.0
1664,1665,413.0,99.0
1665,1666,413.0,99.0
1666,1667,413.0,99.0
1667,1668,413.0,99.0
1668,1669,413.0,99.0
1669,1670,413.0,99.0
1670,1671,413.0,99.0
1671,1672,413.0,99.0
1672,1673,413.0,99.0
1673,1674,413.0,102.0
1674,1675,413.0,104.0
1675,1676,413.0,104.0
1676,1677,413.0,104.0
1677,1678,414.0,104.0
1678,1679,415.0,104.0
1679,1680,415.0,104.0
1680,1681,415.0,104.0
1681,1682,415.0,103.0
1682,1683,415.0,102.0
1683,1684,416.0,102.0
1684,1685,417.0,102.0
1685,1686,417.0,102.0
1686,1687,417.0,101.0
1687,1688,417.0,101.0
1688,1689,417.0,101.0
1689,1690,412.0,101.0
1690,1691,408.0,101.0
1691,1692,407.0,101.0
1692,1693,406.0,101.0
1693,1694,406.0,101.0
1694,1695,406.0,101.0
1695,1696,406.0,101.0
1696,1697,406.0,101.0
1697,1698,406.0,104.0
1698,1699,406.0,108.0
1699,1700,407.0,108.0
1700,1701,408.0,108.0
1701,1702,420.0,108.0
1702,1703,432.0,108.0
1703,1704,432.0,110.0
1704,1705,432.0,111.0
1705,1706,432.0,111.0
1706,1707,432.0,111.0
1707,1708,433.0,111.0
1708,1709,434.0,111.0
1709,1710,430.0,111.0
1710,1711,427.0,111.0
1711,1712,427.0,114.0
1712,1713,427.0,116.0
1713,1714,427.0,116.0
1714,1715,427.0,116.0
1715,1716,428.0,118.0
1716,1717,429.0,120.0
1717,1718,429.0,124.0
1718,1719,429.0,128.0
1719,1720,430.0,128.0
1720,1721,432.0,128.0
1721,1722,433.0,128.0
1722,1723,434.0,128.0
1723,1724,435.0,130.0
1724,1725,436.0,132.0
1725,1726,439.0,131.0
1726,1727,442.0,130.0
1727,1728,443.0,130.0
1728,1729,444.0,130.0
1729,1730,445.0,129.0
1730,1731,446.0,128.0
1731,1732,446.0,127.0
1732,1733,446.0,126.0
1733,1734,450.0,126.0
1734,1735,453.0,126.0
1735,1736,455.0,127.0
1736,1737,457.0,128.0
1737,1738,457.0,128.0
1738,1739,457.0,128.0
1739,1740,457.0,128.0
1740,1741,457.0,128.0
1741,1742,457.0,128.0
1742,1743,457.0,128.0
1743,1744,457.0,128.0
1744,1745,457.0,128.0
1745,1746,459.0,128.0
1746,1747,461.0,128.0
1747,1748,464.0,130.0
1748,1749,467.0,132.0
1749,1750,467.0,129.0
1750,1751,467.0,126.0
1751,1752,467.0,130.0
1752,1753,467.0,135.0
1753,1754,467.0,135.0
1754,1755,467.0,135.0
1755,1756,467.0,135.0
1756,1757,467.0,135.0
1757,1758,463.0,136.0
1758,1759,459.0,137.0
1759,1760,452.0,138.0
1760,1761,446.0,138.0
1761,1762,439.0,139.0
1762,1763,432.0,140.0
1763,1764,430.0,140.0
1764,1765,427.0,140.0
1765,1766,423.0,141.0
1766,1767,419.0,142.0
1767,1768,419.0,142.0
1768,1769,419.0,142.0
1769,1770,419.0,142.0
1770,1771,419.0,142.0
1771,1772,415.0,142.0
1772,1773,411.0,143.0
1773,1774,410.0,144.0
1774,1775,408.0,145.0
1775,1776,408.0,145.0
1776,1777,408.0,145.0
1777,1778,412.0,140.0
1778,1779,415.0,135.0
1779,1780,418.0,136.0
1780,1781,421.0,137.0
1781,1782,418.0,138.0
1782,1783,415.0,138.0
1783,1784,415.0,138.0
1784,1785,415.0,138.0
1785,1786,416.0,138.0
1786,1787,417.0,138.0
1787,1788,417.0,138.0
1788,1789,417.0,138.0
1789,1790,417.0,138.0
1790,1791,417.0,138.0
1791,1792,417.0,138.0
1792,1793,417.0,138.0
1793,1794,417.0,138.0
1794,1795,417.0,138.0
1795,1796,417.0,138.0
1796,1797,417.0,138.0
1797,1798,421.0,138.0
1798,1799,425.0,138.0
1799,1800,430.0,136.0
1800,1801,434.0,135.0
1801,1802,436.0,135.0
1802,1803,438.0,135.0
1803,1804,439.0,135.0
1804,1805,440.0,135.0
1805,1806,441.0,135.0
1806,1807,442.0,135.0
1807,1808,442.0,130.0
1808,1809,442.0,126.0
1809,1810,434.0,126.0
1810,1811,427.0,126.0
1811,1812,427.0,126.0
1812,1813,427.0,125.0
1813,1814,426.0,125.0
1814,1815,425.0,125.0
1815,1816,424.0,123.0
1816,1817,423.0,121.0
1817,1818,423.0,120.0
1818,1819,423.0,120.0
1819,1820,423.0,120.0
1820,1821,423.0,120.0
1821,1822,423.0,116.0
1822,1823,423.0,113.0
1823,1824,426.0,110.0
1824,1825,429.0,108.0
1825,1826,430.0,107.0
1826,1827,432.0,106.0
1827,1828,433.0,104.0
1828,1829,434.0,101.0
1829,1830,437.0,100.0
1830,1831,440.0,99.0
1831,1832,448.0,98.0
1832,1833,457.0,97.0
1833,1834,460.0,97.0
1834,1835,463.0,97.0
1835,1836,461.0,94.0
1836,1837,459.0,91.0
1837,1838,459.0,90.0
1838,1839,459.0,89.0
1839,1840,459.0,89.0
1840,1841,459.0,89.0
1841,1842,455.0,88.0
1842,1843,451.0,87.0
1843,1844,448.0,87.0
1844,1845,444.0,87.0
1845,1846,444.0,86.0
1846,1847,444.0,85.0
1847,1848,440.0,84.0
1848,1849,436.0,84.0
1849,1850,434.0,82.0
1850,1851,432.0,79.0
1851,1852,418.0,80.0
1852,1853,404.0,82.0
1853,1854,405.0,81.0
1854,1855,406.0,80.0
1855,1856,394.0,80.0
1856,1857,383.0,79.0
1857,1858,385.0,77.0
1858,1859,387.0,75.0
1859,1860,387.0,77.0
1860,1861,387.0,79.0
1861,1862,384.0,79.0
1862,1863,381.0,79.0
1863,1864,372.0,80.0
1864,1865,362.0,80.0
1865,1866,359.0,80.0
1866,1867,356.0,80.0
1867,1868,356.0,80.0
1868,1869,356.0,80.0
1869,1870,356.0,80.0
1870,1871,356.0,80.0
1871,1872,352.0,78.0
1872,1873,347.0,77.0
1873,1874,346.0,77.0
1874,1875,345.0,77.0
1875,1876,345.0,76.0
1876,1877,345.0,75.0
1877,1878,345.0,74.0
1878,1879,345.0,73.0
1879,1880,345.0,75.0
1880,1881,345.0,77.0
1881,1882,348.0,77.0
1882,1883,352.0,77.0
1883,1884,353.0,77.0
1884,1885,354.0,77.0
1885,1886,358.0,75.0
1886,1887,362.0,73.0
1887,1888,368.0,78.0
1888,1889,373.0,82.0
1889,1890,370.0,81.0
1890,1891,368.0,80.0
1891,1892,368.0,80.0
1892,1893,368.0,79.0
1893,1894,374.0,78.0
1894,1895,379.0,77.0
1895,1896,380.0,77.0
1896,1897,381.0,77.0
1897,1898,383.0,77.0
1898,1899,385.0,77.0
1899,1900,385.0,77.0
1900,1901,385.0,77.0
1901,1902,386.0,77.0
1902,1903,387.0,77.0
1903,1904,387.0,77.0
1904,1905,387.0,77.0
1905,1906,387.0,77.0
1906,1907,387.0,77.0
1907,1908,387.0,77.0
1908,1909,387.0,77.0
1909,1910,387.0,77.0
1910,1911,387.0,77.0
1911,1912,387.0,77.0
1912,1913,387.0,77.0
1913,1914,386.0,78.0
1914,1915,385.0,80.0
1915,1916,385.0,82.0
1916,1917,385.0,84.0
1917,1918,383.0,84.0
1918,1919,381.0,85.0
1919,1920,381.0,85.0
1920,1921,381.0,85.0
1921,1922,381.0,85.0
1922,1923,381.0,85.0
1923,1924,381.0,85.0
1924,1925,381.0,85.0
1925,1926,381.0,85.0
1926,1927,381.0,85.0
1927,1928,381.0,85.0
1928,1929,381.0,85.0
1929,1930,381.0,85.0
1930,1931,381.0,85.0
1931,1932,381.0,85.0
1932,1933,381.0,85.0
1933,1934,381.0,85.0
1934,1935,381.0,85.0
1935,1936,381.0,85.0
1936,1937,381.0,85.0
1937,1938,381.0,85.0
1938,1939,381.0,85.0
1939,1940,381.0,87.0
1940,1941,381.0,89.0
1941,1942,381.0,90.0
1942,1943,381.0,91.0
1943,1944,381.0,91.0
1944,1945,381.0,91.0
1945,1946,377.0,92.0
1946,1947,373.0,92.0
1947,1948,373.0,92.0
1948,1949,373.0,92.0
1949,1950,373.0,92.0
1950,1951,373.0,92.0
1951,1952,372.0,97.0
1952,1953,371.0,102.0
1953,1954,371.0,102.0
1954,1955,371.0,102.0
1955,1956,373.0,104.0
1956,1957,375.0,106.0
1957,1958,377.0,108.0
1958,1959,379.0,111.0
1959,1960,379.0,111.0
1960,1961,379.0,111.0
1961,1962,376.0,110.0
1962,1963,373.0,108.0
1963,1964,373.0,107.0
1964,1965,373.0,106.0
1965,1966,374.0,106.0
1966,1967,375.0,106.0
1967,1968,379.0,110.0
1968,1969,383.0,114.0
1969,1970,383.0,114.0
1970,1971,383.0,114.0
1971,1972,382.0,114.0
1972,1973,381.0,114.0
1973,1974,380.0,115.0
1974,1975,379.0,116.0
1975,1976,379.0,117.0
1976,1977,379.0,118.0
1977,1978,375.0,120.0
1978,1979,371.0,121.0
1979,1980,371.0,122.0
1980,1981,371.0,123.0
1981,1982,370.0,123.0
1982,1983,368.0,123.0
1983,1984,368.0,124.0
1984,1985,368.0,125.0
1985,1986,368.0,125.0
1986,1987,368.0,125.0
1987,1988,368.0,125.0
1988,1989,368.0,125.0
1989,1990,368.0,125.0
1990,1991,368.0,125.0
1991,1992,376.0,125.0
1992,1993,385.0,125.0
1993,1994,382.0,128.0
1994,1995,379.0,130.0
1995,1996,379.0,130.0
1996,1997,379.0,130.0
1997,1998,375.0,128.0
1998,1999,371.0,125.0
1999,2000,374.0,135.0
2000,2001,377.0,145.0
2001,2002,378.0,148.0
2002,2003,379.0,152.0
2003,2004,372.0,151.0
2004,2005,366.0,150.0
2005,2006,363.0,146.0
2006,2007,360.0,143.0
2007,2008,356.0,140.0
2008,2009,352.0,138.0
2009,2010,355.0,134.0
2010,2011,358.0,130.0
2011,2012,348.0,122.0
2012,2013,339.0,114.0
2013,2014,342.0,117.0
2014,2015,345.0,120.0
2015,2016,343.0,125.0
2016,2017,341.0,130.0
2017,2018,340.0,128.0
2018,2019,339.0,125.0
2019,2020,342.0,124.0
2020,2021,345.0,123.0
2021,2022,344.0,128.0
2022,2023,343.0,133.0
2023,2024,339.0,135.0
2024,2025,335.0,137.0
2025,2026,336.0,140.0
2026,2027,337.0,142.0
2027,2028,338.0,144.0
2028,2029,339.0,145.0
2029,2030,341.0,142.0
2030,2031,343.0,138.0
2031,2032,345.0,144.0
2032,2033,347.0,150.0
2033,2034,347.0,152.0
2034,2035,347.0,155.0
2035,2036,347.0,151.0
2036,2037,347.0,147.0
2037,2038,347.0,150.0
2038,2039,347.0,152.0
2039,2040,347.0,151.0
2040,2041,347.0,150.0
2041,2042,347.0,150.0
2042,2043,347.0,150.0
2043,2044,347.0,150.0
2044,2045,347.0,150.0
2045,2046,347.0,150.0
2046,2047,347.0,150.0
2047,2048,347.0,150.0
2048,2049,347.0,150.0
2049,2050,347.0,150.0
2050,2051,347.0,150.0
2051,2052,347.0,146.0
2052,2053,347.0,143.0
2053,2054,350.0,148.0
2054,2055,352.0,152.0
2055,2056,352.0,156.0
2056,2057,352.0,159.0
2057,2058,352.0,160.0
2058,2059,352.0,161.0
2059,2060,352.0,161.0
2060,2061,352.0,161.0
2061,2062,350.0,159.0
2062,2063,349.0,157.0
2063,2064,349.0,157.0
2064,2065,349.0,157.0
2065,2066,349.0,157.0
2066,2067,349.0,157.0
2067,2068,349.0,157.0
2068,2069,349.0,157.0
2069,2070,349.0,157.0
2070,2071,349.0,157.0
2071,2072,354.0,159.0
2072,2073,360.0,161.0
2073,2074,357.0,162.0
2074,2075,354.0,162.0
2075,2076,356.0,160.0
2076,2077,358.0,159.0
2077,2078,361.0,160.0
2078,2079,364.0,161.0
2079,2080,364.0,161.0
2080,2081,364.0,161.0
2081,2082,364.0,161.0
2082,2083,364.0,161.0
2083,2084,365.0,152.0
2084,2085,366.0,143.0
2085,2086,367.0,144.0
2086,2087,368.0,145.0
2087,2088,368.0,146.0
2088,2089,368.0,147.0
2089,2090,368.0,147.0
2090,2091,368.0,147.0
2091,2092,368.0,147.0
2092,2093,368.0,147.0
2093,2094,368.0,147.0
2094,2095,368.0,147.0
2095,2096,367.0,148.0
2096,2097,366.0,149.0
2097,2098,356.0,152.0
2098,2099,345.0,155.0
2099,2100,338.0,154.0
2100,2101,331.0,152.0
2101,2102,334.0,151.0
2102,2103,337.0,150.0
2103,2104,337.0,150.0
2104,2105,337.0,150.0
2105,2106,337.0,150.0
2106,2107,337.0,150.0
2107,2108,339.0,144.0
2108,2109,341.0,137.0
2109,2110,341.0,138.0
2110,2111,341.0,138.0
2111,2112,341.0,138.0
2112,2113,341.0,138.0
2113,2114,341.0,138.0
2114,2115,341.0,138.0
2115,2116,341.0,138.0
2116,2117,341.0,138.0
2117,2118,341.0,138.0
2118,2119,341.0,138.0
2119,2120,341.0,138.0
2120,2121,341.0,138.0
2121,2122,341.0,138.0
2122,2123,341.0,138.0
2123,2124,341.0,138.0
2124,2125,341.0,138.0
2125,2126,348.0,136.0
2126,2127,356.0,135.0
2127,2128,356.0,135.0
2128,2129,356.0,135.0
2129,2130,356.0,135.0
2130,2131,356.0,135.0
2131,2132,356.0,135.0
2132,2133,356.0,135.0
2133,2134,356.0,135.0
2134,2135,356.0,135.0
2135,2136,356.0,135.0
2136,2137,356.0,135.0
2137,2138,356.0,135.0
2138,2139,356.0,135.0
2139,2140,356.0,135.0
2140,2141,356.0,135.0
2141,2142,356.0,135.0
2142,2143,356.0,135.0
2143,2144,354.0,134.0
2144,2145,352.0,133.0
2145,2146,350.0,133.0
2146,2147,347.0,133.0
2147,2148,346.0,133.0
2148,2149,345.0,133.0
2149,2150,343.0,136.0
2150,2151,341.0,138.0
2151,2152,341.0,138.0
2152,2153,341.0,138.0
2153,2154,341.0,138.0
2154,2155,341.0,138.0
2155,2156,341.0,138.0
2156,2157,341.0,138.0
2157,2158,341.0,138.0
2158,2159,341.0,138.0
2159,2160,342.0,140.0
2160,2161,343.0,143.0
2161,2162,348.0,145.0
2162,2163,354.0,147.0
2163,2164,348.0,147.0
2164,2165,341.0,147.0
2165,2166,341.0,147.0
2166,2167,341.0,147.0
2167,2168,341.0,147.0
2168,2169,341.0,147.0
2169,2170,352.0,148.0
2170,2171,364.0,149.0
2171,2172,364.0,148.0
2172,2173,364.0,147.0
2173,2174,364.0,147.0
2174,2175,364.0,147.0
2175,2176,359.0,147.0
2176,2177,354.0,147.0
2177,2178,354.0,147.0
2178,2179,354.0,147.0
2179,2180,354.0,148.0
2180,2181,354.0,149.0
2181,2182,346.0,149.0
2182,2183,339.0,149.0
2183,2184,339.0,150.0
2184,2185,339.0,152.0
2185,2186,341.0,153.0
2186,2187,343.0,154.0
2187,2188,343.0,154.0
2188,2189,343.0,154.0
2189,2190,343.0,156.0
2190,2191,343.0,159.0
2191,2192,343.0,159.0
2192,2193,343.0,159.0
2193,2194,334.0,156.0
2194,2195,326.0,154.0
2195,2196,326.0,153.0
2196,2197,326.0,152.0
2197,2198,328.0,154.0
2198,2199,331.0,155.0
2199,2200,331.0,155.0
2200,2201,331.0,155.0
2201,2202,331.0,154.0
2202,2203,331.0,154.0
2203,2204,331.0,154.0
2204,2205,331.0,154.0
2205,2206,331.0,154.0
2206,2207,331.0,154.0
2207,2208,335.0,156.0
2208,2209,339.0,157.0
2209,2210,341.0,158.0
2210,2211,343.0,159.0
2211,2212,344.0,158.0
2212,2213,345.0,157.0
2213,2214,344.0,154.0
2214,2215,343.0,152.0
2215,2216,343.0,154.0
2216,2217,343.0,157.0
2217,2218,343.0,157.0
2218,2219,343.0,157.0
2219,2220,343.0,157.0
2220,2221,343.0,157.0
2221,2222,343.0,157.0
2222,2223,343.0,157.0
2223,2224,344.0,157.0
2224,2225,345.0,157.0
2225,2226,350.0,160.0
2226,2227,354.0,162.0
2227,2228,350.0,162.0
2228,2229,347.0,162.0
2229,2230,347.0,162.0
2230,2231,347.0,162.0
2231,2232,347.0,162.0
2232,2233,347.0,162.0
2233,2234,344.0,166.0
2234,2235,341.0,169.0
2235,2236,341.0,168.0
2236,2237,341.0,167.0
2237,2238,342.0,167.0
2238,2239,343.0,167.0
2239,2240,340.0,162.0
2240,2241,337.0,157.0
2241,2242,337.0,160.0
2242,2243,337.0,164.0
2243,2244,337.0,159.0
2244,2245,337.0,154.0
2245,2246,340.0,158.0
2246,2247,343.0,161.0
2247,2248,344.0,161.0
2248,2249,345.0,161.0
2249,2250,345.0,161.0
2250,2251,345.0,161.0
2251,2252,346.0,161.0
2252,2253,347.0,161.0
2253,2254,350.0,162.0
2254,2255,354.0,164.0
2255,2256,354.0,164.0
2256,2257,354.0,164.0
2257,2258,354.0,164.0
2258,2259,354.0,164.0
2259,2260,354.0,165.0
2260,2261,354.0,166.0
2261,2262,354.0,166.0
2262,2263,354.0,166.0
2263,2264,354.0,166.0
2264,2265,354.0,166.0
2265,2266,358.0,166.0
2266,2267,362.0,166.0
2267,2268,364.0,166.0
2268,2269,366.0,166.0
2269,2270,366.0,166.0
2270,2271,366.0,166.0
2271,2272,370.0,166.0
2272,2273,375.0,167.0
